Anuradha Cooray,1 Street,Omaha
Niluka Geethani Rajasekara,2 Street,Omaha
Sumeda Ranasinghe,3 Street,Omaha
Niluka Karunaratne,4 Street,Omaha
Chamara Repiyallage,5 Street,Omaha
Mangala Samarakoon,6 Street,Omaha
Matthew Abeysinghe,102 Street,Omaha
Kimiko Raheem,110 Street,Omaha
Sudesh Peiris,8 Street,Omaha
Abdul Wahib Zahiri,6 Street,Omaha
Kamia Yousufi,8 Street,Omaha
Mohammad Tawfiq Bakhshi,72 Street,Omaha
Mehboob Ali,5 Street,Omaha
Najma Parveen,8 Street,Omaha
Shah Hussain Shah,4 Street,Omaha
Ghulam Mustafa Bashir,6 Street,Omaha
Minhal Sohail,45 Street,Omaha
Haris Bandey,32 Street,Omaha
Lianna Swan,15 Street,Omaha
Shamoli Ray,132 Street,Omaha
Masbah Ahmmed,A Street,Houston
Shirin Akter,B Street,Houston
Siddikur Rahman,C Street,Houston
Abdullah Hel Baki,D Street,Houston
Mahfizur Rahman Sagor,C Street,Houston
Sonia Aktar,C Street,Houston
Eric Shauwn Cray,D Street,Houston
Mary Joy Tabal,Z Street,Houston
Marestella Torres ,A Street,Houston
Rogen Ladon,D Street,Houston
Charly Suarez,C Street,Houston
Miguel Tabuena ,Z Street,Houston
Kodo Nakano,U Street,Houston
Jessie Lacuna,L Street,Houston
Jasmine Alkhaldi,U Street,Houston
Ian Lariba,Z Street,Houston
Kirstie Alora,D Street,Houston
Nestor Colonia,A Street,Houston
Hidilyn Diaz,C Street,Houston
Haziq Kamaruddin,F Street,Houston
Khairul Anuar Mohamad,Mono Street,San Francisco
Mohd Akmal Nor Hasrin,Mono Street,San Francisco
Nauraj Singh Randhawa,Napa Street,San Francisco
Zaidatul Husniah Zulkifli ,Yuba Street,San Francisco
Lee Chong Wei,Sonoma Street,San Francisco
Goh V Shem,Broadway,New York
Tan Wee Kiong,Broadway,New York
Tee Jing Yi,Broadway,New York
Vivian Hoo Kah Mun,Broadway,New York
Woon Khe Wei,Fulton Street,New York
Chan Peng Soon,Rockfeller center,New York
Goh Liu Ying,Fulton Street,New York
Fatehah Mustapa,Broadway,New York
Azizulhasni Awang,Golden Street,New York
Ahmad Amsyar Azman,Broadway,New York
Ooi Tze Liang,Richmond street,Minneapolis
Cheong Jun Hoong,Richmond street,Minneapolis
Ng Yan Yee,Rajaji Street,Bangalore
Pandelela Rinong,Gandhi Street,Bangalore
Warren Buffet,Patel Nagar,Bangalore
