Customer name,Account Number
Sumeda Ranasinghe,A10300
Niluka Karunaratne,A10301
Chamara Repiyallage,A10302
Mangala Samarakoon,A10303
Matthew Abeysinghe,A10304
Kimiko Raheem,A10305
Sudesh Peiris,A10306
Abdul Wahib Zahiri,A10307
Kamia Yousufi,A10308
Mohammad Tawfiq Bakhshi,A10309
Mehboob Ali,A10310
Najma Parveen,A10311
Shah Hussain Shah,A10312
Ghulam Mustafa Bashir,A10313
Minhal Sohail,A10314
Haris Bandey,A10315
Lianna Swan,A10316
Shamoli Ray,A10317
Masbah Ahmmed,A10318
Mahfizur Rahman Sagor,A10319
Sonia Aktar,A10320
Eric Shauwn Cray,A10321
Mary Joy Tabal,A10322
Marestella Torres ,A10323
Rogen Ladon,A10324
Charly Suarez,A10325
Miguel Tabuena ,A10326
Kodo Nakano,A10327
Jessie Lacuna,A10328
Jasmine Alkhaldi,A10329
Ian Lariba,A10330
Kirstie Alora,A10331
Nestor Colonia,A10332
Hidilyn Diaz,A10333
Haziq Kamaruddin,A10334
Khairul Anuar Mohamad,A10335
Mohd Akmal Nor Hasrin,A10336
Nauraj Singh Randhawa,A10337
Zaidatul Husniah Zulkifli ,A10338
Lee Chong Wei,A10339
Goh V Shem,A10340
Tan Wee Kiong,A10341
Tee Jing Yi,A10342
Vivian Hoo Kah Mun,A10343
Woon Khe Wei,A10344
Chan Peng Soon,A10345
Goh Liu Ying,A10346
Fatehah Mustapa,A10347
Azizulhasni Awang,A10348
Ahmad Amsyar Azman,A10349
Ooi Tze Liang,A10350
Cheong Jun Hoong,A10351
Ng Yan Yee,A10352
Pandelela Rinong,A10353
Warren Buffet,A10354
